Country,Region,CountryCode,Mammals,Birds,Reptiles,Amphibians,Fishes,Molluscs,Other Inverts,Plants,Fungi & Protists,Total by Taxonomy,EX,EW,Subtotal,CR(PE)**,CR(PEW)**,Subtotal(EX+EW+CR(PE)+CR(PEW)),CR,EN,VU,Subtotal(cr+en+vu),NT,LR/cd,DD,LC,Total Species
Algeria,North Africa,DZA,14,15,8,3,45,12,30,26,2,155,2,1,3,0,0,3,17,38,72,127,58,0,139,921,"1,248"
Egypt,North Africa,EGY,18,14,13,0,62,1,56,8,0,172,1,1,2,0,0,2,14,28,122,164,136,2,180,"1,729","2,213"
Libya,North Africa,LBY,10,8,6,0,38,1,4,8,0,75,0,1,1,0,0,1,10,16,41,67,28,0,68,684,848
Morocco,North Africa,MAR,18,18,13,2,55,38,33,56,5,238,2,0,2,0,0,2,29,59,89,177,81,0,182,"1,440","1,882"
Tunisia,North Africa,TUN,14,11,6,1,42,8,13,10,2,107,11,0,11,1,0,12,15,24,56,95,48,0,99,846,"1,099"
Western Sahara,North Africa,ESH,10,5,1,0,39,2,1,0,0,58,0,1,1,0,0,1,6,18,34,58,32,0,108,921,"1,120"
Angola,Sub-Saharan Africa,AGO,22,33,7,0,55,7,4,43,0,171,0,0,0,0,0,0,15,36,77,128,61,0,235,"2,498","2,922"
Benin,Sub-Saharan Africa,BEN,16,12,7,1,46,2,1,21,0,106,0,0,0,0,0,0,15,19,51,85,49,0,111,"1,689","1,934"
Botswana,Sub-Saharan Africa,BWA,11,16,1,0,2,0,0,3,0,33,0,0,0,0,0,0,4,7,19,30,29,0,10,"1,031","1,100"
Burkina Faso,Sub-Saharan Africa,BFA,11,12,3,0,4,1,0,5,0,36,0,1,1,0,0,1,7,6,18,31,22,0,3,790,847
Burundi,Sub-Saharan Africa,BDI,16,14,0,1,17,3,3,134,0,188,0,0,0,0,0,0,6,15,33,54,39,0,36,"1,063","1,192"
Cabo Verde,Sub-Saharan Africa,CMR,4,7,6,0,38,13,0,51,0,119,1,0,1,0,0,1,9,21,38,68,31,0,99,897,"1,096"
Cameroon,Sub-Saharan Africa,CPV,47,29,13,57,126,13,13,592,0,890,0,0,0,2,0,2,64,107,127,298,82,0,214,"2,640","3,234"
Central African Republic,Sub-Saharan Africa,CAF,19,16,5,0,4,0,0,29,0,73,0,0,0,0,0,0,9,9,26,44,27,0,48,"1,379","1,498"
Chad,Sub-Saharan Africa,TCD,16,16,5,0,1,4,0,6,0,48,0,1,1,0,0,1,11,5,26,42,21,0,12,837,913
Comoros,Sub-Saharan Africa,COM,5,14,5,0,17,0,77,9,0,127,0,0,0,1,0,1,7,27,84,118,109,0,80,"1,331","1,638"
Congo,Sub-Saharan Africa,COG,18,7,6,1,60,7,0,56,0,155,0,0,0,0,0,0,10,22,67,99,46,0,151,"2,011","2,307"
"Congo, The Democratic Republic of the",Sub-Saharan Africa,COD,42,40,9,11,101,44,10,240,0,497,0,0,0,4,0,4,31,75,151,257,93,0,434,"3,599","4,383"
Côte d'Ivoire,Sub-Saharan Africa,CIV,33,25,8,8,66,5,2,133,0,280,0,0,0,2,0,2,20,38,89,147,91,0,145,"2,010","2,393"
Djibouti,Sub-Saharan Africa,DJI,11,12,1,0,26,1,56,3,0,110,0,0,0,0,0,0,11,14,82,107,124,0,111,"1,444","1,786"
Equatorial Guinea,Sub-Saharan Africa,GNQ,24,6,8,5,51,2,2,107,0,205,0,0,0,0,0,0,15,30,53,98,41,0,117,"1,589","1,845"
Eritrea,Sub-Saharan Africa,ERI,16,21,7,0,35,1,57,6,0,143,0,0,0,0,0,0,16,21,100,137,138,0,117,"1,588","1,980"
Eswatini,Sub-Saharan Africa,ETH,9,13,1,0,5,0,0,13,0,41,0,0,0,0,0,0,4,6,18,28,22,0,6,793,849
Ethiopia,Sub-Saharan Africa,GAB,37,35,3,12,14,4,11,64,0,180,0,0,0,2,0,2,17,38,61,116,45,0,63,"1,364","1,588"
Gabon,Sub-Saharan Africa,GMB,18,7,7,4,74,2,2,215,0,329,0,0,0,0,0,0,12,33,69,114,47,0,172,"2,046","2,379"
Gambia,Sub-Saharan Africa,GHA,10,14,6,0,48,2,0,7,0,87,0,0,0,0,0,0,15,16,49,80,46,0,115,"1,512","1,753"
Ghana,Sub-Saharan Africa,GIN,23,23,8,8,66,2,3,122,0,255,0,0,0,2,0,2,22,28,83,133,78,0,140,"2,099","2,450"
Guinea,Sub-Saharan Africa,GNB,31,20,9,8,100,3,5,189,0,365,0,0,0,1,0,1,20,57,99,176,88,0,164,"2,001","2,429"
Guinea-Bissau,Sub-Saharan Africa,KEN,14,12,8,0,46,2,0,10,0,92,0,0,0,0,0,0,12,18,52,82,49,0,116,"1,500","1,747"
Kenya,Sub-Saharan Africa,LSO,30,42,14,11,82,20,73,277,0,549,2,0,2,17,0,19,52,63,157,272,184,2,248,"3,277","3,985"
Lesotho,Sub-Saharan Africa,LBR,4,8,0,0,1,0,2,4,0,19,0,0,0,0,0,0,0,6,9,15,19,0,3,408,445
Liberia,Sub-Saharan Africa,MDG,25,14,8,3,72,3,7,86,0,218,0,0,0,0,0,0,20,42,70,132,79,0,134,"1,764","2,109"
Madagascar,Sub-Saharan Africa,MWI,122,37,139,145,113,35,160,2159,0,"2,910",13,0,13,9,0,22,138,309,304,751,276,2,424,"2,344","3,810"
Malawi,Sub-Saharan Africa,MLI,10,19,4,5,36,7,7,42,0,130,1,0,1,5,0,6,28,25,35,88,65,0,58,"1,472","1,684"
Mali,Sub-Saharan Africa,MRT,14,17,4,0,2,0,0,25,0,62,0,1,1,0,0,1,6,6,25,37,24,0,8,964,"1,034"
Mauritania,Sub-Saharan Africa,MUS,18,19,6,0,48,2,1,0,0,94,0,1,1,0,0,1,14,22,58,94,50,0,127,"1,429","1,701"
Mauritius,Sub-Saharan Africa,MYT,7,12,11,0,26,33,91,92,0,272,44,0,44,1,0,45,18,41,121,180,116,2,141,"1,467","1,950"
Mayotte,Sub-Saharan Africa,MOZ,2,3,7,0,14,0,72,4,0,102,5,0,5,0,0,5,2,16,80,98,108,0,62,"1,197","1,470"
Mozambique,Sub-Saharan Africa,NAM,18,30,14,8,83,0,65,208,0,426,1,0,1,2,0,3,22,52,144,218,186,2,231,"3,200","3,838"
Namibia,Sub-Saharan Africa,NER,15,32,5,0,33,2,2,28,0,117,1,0,1,0,0,1,9,26,54,89,48,0,109,"1,764","2,011"
Niger,Sub-Saharan Africa,NGA,14,13,3,0,2,1,0,4,0,37,0,1,1,0,0,1,6,5,22,33,22,0,5,724,785
Nigeria,Sub-Saharan Africa,REU,33,21,13,12,77,3,10,211,0,380,0,1,1,2,0,3,24,42,103,169,76,0,153,"2,428","2,827"
Réunion,Sub-Saharan Africa,RWA,4,7,0,0,24,17,72,21,0,145,20,0,20,1,0,21,10,24,90,124,101,0,96,"1,286","1,627"
Rwanda,Sub-Saharan Africa,SHN,24,19,0,2,7,0,4,112,0,168,1,0,1,0,0,1,11,13,32,56,33,0,19,"1,005","1,114"
"Saint Helena, Ascension and Tristan da Cunha",Sub-Saharan Africa,STP,3,21,2,0,19,1,82,44,1,173,28,0,28,12,0,40,39,52,37,128,13,0,56,595,820
Sao Tome and Principe,Sub-Saharan Africa,SEN,4,12,5,3,31,3,1,49,0,108,0,0,0,0,0,0,9,19,31,59,17,0,101,737,914
Senegal,Sub-Saharan Africa,SYC,19,19,9,0,62,12,1,23,0,145,0,1,1,0,0,1,17,31,74,122,63,0,158,"1,838","2,182"
Seychelles,Sub-Saharan Africa,SLE,6,13,11,6,32,37,284,62,0,451,20,0,20,29,0,49,87,154,148,389,123,2,115,"1,605","2,254"
Sierra Leone,Sub-Saharan Africa,SOM,23,16,9,1,62,5,3,117,0,236,0,0,0,0,0,0,16,36,67,119,75,0,147,"1,820","2,161"
Somalia,Sub-Saharan Africa,ZAF,17,21,6,0,40,2,60,53,0,199,0,0,0,1,0,1,15,26,105,146,145,0,188,"2,270","2,749"
South Africa,Sub-Saharan Africa,SSD,30,54,19,16,128,22,174,154,0,597,6,0,6,5,0,11,70,149,224,443,188,2,351,"3,511","4,501"
South Sudan,Sub-Saharan Africa,SDN,17,21,4,0,0,0,1,18,0,61,0,0,0,0,0,0,6,13,24,43,21,0,22,"1,103","1,189"
Sudan,Sub-Saharan Africa,SWZ,18,26,6,0,39,0,50,19,0,158,0,1,1,0,0,1,18,23,98,139,132,0,134,"2,123","2,529"
"Tanzania, United Republic of",Sub-Saharan Africa,TZA,41,48,35,61,201,11,136,726,0,"1,259",2,1,3,61,1,65,127,148,258,533,222,0,353,"3,871","4,982"
Togo,Sub-Saharan Africa,TGO,15,13,6,2,42,2,1,13,0,94,0,0,0,2,0,2,17,13,51,81,46,0,110,"1,736","1,973"
Uganda,Sub-Saharan Africa,UGA,32,29,4,2,61,14,17,107,0,266,0,0,0,28,0,28,49,35,75,159,58,0,125,"1,793","2,135"
Zambia,Sub-Saharan Africa,ZMB,13,20,3,0,25,12,2,32,0,107,0,0,0,0,0,0,10,23,42,75,42,0,71,"1,764","1,952"
Zimbabwe,Sub-Saharan Africa,ZWE,10,19,3,7,4,0,8,71,0,122,0,0,0,1,0,1,9,13,29,51,33,0,26,"1,307","1,417"
Antarctica,Antarctic,ATA,2,4,0,0,0,0,0,0,0,6,0,0,0,0,0,0,0,1,5,6,6,0,37,158,207
Bouvet Island,Antarctic,BVT,1,1,0,0,0,0,0,0,0,2,0,0,0,0,0,0,0,0,2,2,0,0,3,94,99
French Southern Territories,Antarctic,ATF,3,13,4,0,8,0,0,1,0,29,1,0,1,0,0,1,3,10,15,28,8,0,53,960,"1,050"
Heard Island and McDonald Islands,Antarctic,HMD,1,10,0,0,1,0,0,0,0,12,0,0,0,0,0,0,0,4,8,12,2,0,8,121,143
South Georgia and the South Sandwich Islands,Antarctic,SGS,3,6,0,0,0,0,0,0,0,9,0,0,0,0,0,0,0,4,5,9,6,0,13,187,215
China,East Asia,CHN,74,96,47,88,146,15,69,631,6,"1,172",4,1,5,17,0,22,89,161,285,535,243,1,"1,085","4,232","6,101"
Hong Kong,East Asia,HKG,5,21,6,5,26,1,8,11,0,83,0,0,0,1,0,1,12,23,37,72,30,1,96,922,"1,121"
Japan,East Asia,JPN,29,50,25,20,104,34,143,54,11,470,13,1,14,1,0,15,40,127,238,405,263,3,545,"3,324","4,554"
"Korea, Democratic People's Republic of",East Asia,PRK,10,29,2,1,24,0,3,18,1,88,1,0,1,0,0,1,7,19,43,69,37,0,89,699,895
"Korea, Republic of",East Asia,KOR,12,33,3,5,37,0,8,36,2,136,1,0,1,0,0,1,11,32,55,98,48,0,127,"1,225","1,499"
Macao,East Asia,MAC,0,4,1,0,20,0,1,0,0,26,0,0,0,0,0,0,5,10,11,26,5,0,28,389,448
Mongolia,East Asia,MNG,11,24,0,0,2,0,3,0,3,43,0,0,0,0,0,0,5,11,24,40,29,0,7,522,598
"Taiwan, Province of China",East Asia,TWN,12,24,11,10,87,1,128,87,2,362,0,0,0,0,0,0,19,53,201,273,211,2,340,"2,955","3,781"
Belarus,North Asia,BLR,4,9,0,0,2,3,7,2,3,30,0,0,0,0,0,0,2,2,21,25,39,0,8,467,539
Moldova,North Asia,MDA,4,11,2,0,8,2,4,2,0,33,1,0,1,0,0,1,5,4,22,31,35,0,6,438,511
Russian Federation,North Asia,RUS,34,57,9,0,41,7,31,64,36,279,3,1,4,2,0,6,26,48,105,179,115,0,226,"1,649","2,173"
Ukraine,North Asia,UKR,11,17,1,0,24,9,29,29,12,132,2,0,2,1,0,3,11,25,55,91,68,0,76,872,"1,109"
Bangladesh,South & Southeast Asia,BGD,37,36,23,1,36,0,7,25,0,165,0,1,1,0,0,1,29,42,69,140,79,0,106,"1,604","1,930"
Bhutan,South & Southeast Asia,BTN,26,21,4,1,3,0,1,45,0,101,0,0,0,0,0,0,7,15,34,56,41,0,6,709,812
British Indian Ocean Territory,South & Southeast Asia,IOT,0,1,2,0,18,0,69,1,0,91,0,0,0,0,0,0,3,12,75,90,104,2,48,"1,055","1,299"
Brunei Darussalam,South & Southeast Asia,BRN,33,31,8,2,23,0,18,160,0,275,0,0,0,0,0,0,13,29,73,115,126,0,84,"1,549","1,874"
Cambodia,South & Southeast Asia,KHM,39,32,21,9,59,1,78,41,0,280,0,0,0,1,0,1,33,51,155,239,170,0,189,"2,135","2,733"
Disputed Territory,South & Southeast Asia,DT,0,0,0,0,12,0,1,0,0,13,0,0,0,0,0,0,1,3,9,13,3,0,33,"1,072","1,121"
India,South & Southeast Asia,IND,93,93,54,75,235,7,131,428,2,"1,118",0,0,0,7,0,7,90,212,386,688,327,2,870,"4,291","6,178"
Indonesia,South & Southeast Asia,IDN,192,166,36,29,240,42,322,625,2,"1,654",3,0,3,20,1,24,152,270,605,"1,027",607,4,"1,370","6,005","9,016"
Lao People's Democratic Republic,South & Southeast Asia,LAO,47,29,28,6,56,16,5,63,0,250,1,0,1,2,0,3,33,52,102,187,94,0,223,"1,524","2,029"
Malaysia,South & Southeast Asia,MYS,72,63,58,33,125,39,275,993,4,"1,662",1,0,1,12,0,13,91,158,416,665,424,3,497,"4,047","5,637"
Maldives,South & Southeast Asia,MDV,2,0,3,0,30,0,45,0,0,80,0,0,0,0,0,0,6,16,58,80,92,2,75,"1,337","1,586"
Myanmar,South & Southeast Asia,MMR,49,56,32,3,60,3,74,80,0,357,0,0,0,1,0,1,38,71,168,277,262,3,437,"3,209","4,188"
Nepal,South & Southeast Asia,NPL,29,38,8,3,8,1,2,19,1,109,0,0,0,0,0,0,13,23,53,89,67,0,65,"1,270","1,491"
Philippines,South & Southeast Asia,PHL,38,93,39,27,96,3,320,267,1,884,0,0,0,1,0,1,58,164,394,616,343,5,609,"3,618","5,191"
Singapore,South & Southeast Asia,SGP,14,22,6,0,41,1,176,66,0,326,1,0,1,1,0,2,21,38,201,260,230,3,155,"1,830","2,479"
Sri Lanka,South & Southeast Asia,LKA,30,16,12,56,99,0,130,298,0,641,20,0,20,10,0,30,81,120,142,343,174,2,174,"2,021","2,734"
Thailand,South & Southeast Asia,THA,59,62,38,7,113,16,197,181,1,674,2,0,2,4,0,6,57,104,331,492,367,2,538,"3,941","5,342"
Timor-Leste,South & Southeast Asia,TLS,5,6,3,0,21,0,1,5,0,41,0,0,0,0,0,0,8,13,15,36,34,0,58,"1,377","1,505"
Viet Nam,South & Southeast Asia,VNM,60,53,71,45,93,30,126,260,0,738,1,0,1,8,0,9,70,136,272,478,253,2,652,"3,356","4,742"
Afghanistan,West & Central Asia,AFG,11,16,1,1,4,0,2,5,0,40,0,0,0,0,0,0,4,8,23,35,27,0,17,573,652
Armenia,West & Central Asia,ARM,9,14,7,0,4,2,7,76,0,119,0,0,0,0,0,0,6,9,28,43,38,0,16,462,559
Azerbaijan,West & Central Asia,AZE,8,17,9,1,14,2,5,46,0,102,0,1,1,2,0,3,13,10,33,56,41,0,41,562,701
Bahrain,West & Central Asia,BHR,3,7,4,0,20,0,13,0,0,47,0,0,0,0,0,0,10,9,28,47,53,0,29,633,762
Cyprus,West & Central Asia,CYP,6,7,5,0,26,6,10,23,1,84,0,0,0,1,0,1,9,19,32,60,38,0,64,651,813
Georgia,West & Central Asia,GEO,9,14,7,1,11,4,11,65,4,126,0,0,0,0,0,0,7,10,40,57,46,0,21,593,717
"Iran, Islamic Republic of",West & Central Asia,IRN,19,28,15,4,59,2,22,12,0,161,0,1,1,1,0,2,23,35,91,149,100,0,153,"1,664","2,067"
Iraq,West & Central Asia,IRQ,13,17,3,1,25,1,16,4,0,80,0,0,0,1,0,1,12,14,50,76,69,0,42,925,"1,112"
Israel,West & Central Asia,ISR,15,18,11,1,60,11,63,27,1,207,3,0,3,0,0,3,22,40,117,179,136,0,150,"1,575","2,043"
Jordan,West & Central Asia,JOR,13,14,6,0,19,6,55,8,0,121,0,0,0,0,0,0,4,23,86,113,117,0,93,"1,233","1,556"
Kazakhstan,West & Central Asia,KAZ,16,27,1,1,14,2,5,14,1,81,0,1,1,2,0,3,14,13,39,66,38,0,55,697,857
Kuwait,West & Central Asia,KWT,7,11,4,0,22,0,13,0,0,57,1,0,1,0,0,1,8,12,37,57,56,0,34,742,890
Kyrgyzstan,West & Central Asia,KGZ,5,15,3,0,3,0,4,13,0,43,0,0,0,0,0,0,1,7,22,30,24,0,12,422,488
Lebanon,West & Central Asia,LBN,10,11,8,0,32,10,9,29,0,109,0,0,0,0,0,0,8,25,47,80,41,0,69,718,908
Oman,West & Central Asia,OMN,10,13,8,0,44,2,29,6,0,112,0,0,0,1,0,1,12,28,66,106,92,0,126,"1,556","1,880"
Pakistan,West & Central Asia,PAK,25,33,12,0,54,0,18,13,0,155,0,0,0,1,0,1,20,38,84,142,97,0,92,"1,631","1,962"
"Palestine, State of",West & Central Asia,PSE,4,15,4,0,2,2,2,10,0,39,0,0,0,0,0,0,3,11,15,29,23,0,20,361,433
Qatar,West & Central Asia,QAT,4,9,3,0,21,0,13,0,0,50,0,0,0,0,0,0,11,7,32,50,55,0,23,656,784
Saudi Arabia,West & Central Asia,SAU,11,18,3,0,48,1,59,4,0,144,1,0,1,0,0,1,13,27,100,140,141,2,149,"1,572","2,005"
Syrian Arab Republic,West & Central Asia,SYR,14,17,9,0,52,10,13,32,0,147,1,0,1,6,0,7,17,34,64,115,52,0,88,847,"1,103"
Tajikistan,West & Central Asia,TJK,7,15,5,0,5,0,3,12,1,48,0,0,0,1,0,1,3,7,25,35,20,0,21,429,505
Turkey,West & Central Asia,TUR,19,20,21,10,139,46,42,131,7,435,4,0,4,12,0,16,68,104,125,297,104,0,191,"1,284","1,880"
Turkmenistan,West & Central Asia,TKM,10,19,6,0,13,1,6,4,0,59,0,1,1,1,0,2,11,12,32,55,28,0,38,550,672
United Arab Emirates,West & Central Asia,ARE,8,13,4,0,29,0,15,0,0,69,0,0,0,0,0,0,10,19,40,69,59,0,56,"1,055","1,239"
Uzbekistan,West & Central Asia,UZB,10,19,7,0,7,1,2,16,0,62,0,0,0,2,0,2,9,8,29,46,27,0,20,473,566
Yemen,West & Central Asia,YEM,11,16,7,1,47,2,66,163,0,313,2,0,2,1,0,3,11,28,111,150,154,0,183,"1,881","2,370"
Åland Islands,Europe,ALA,0,0,0,0,0,0,0,1,0,1,0,0,0,0,0,0,0,0,0,0,0,0,1,15,16
Albania,Europe,ALB,3,8,5,2,46,52,21,5,0,142,1,0,1,1,0,2,19,47,71,137,89,0,78,"1,038","1,343"
Andorra,Europe,AND,2,3,1,0,0,3,5,1,0,15,0,0,0,0,0,0,0,3,11,14,20,0,8,309,351
Austria,Europe,AUT,3,13,1,0,11,43,31,38,45,185,3,0,3,4,0,7,23,28,51,102,83,0,67,838,"1,093"
Belgium,Europe,BEL,2,8,0,0,15,6,9,3,23,66,1,0,1,0,0,1,4,5,31,40,49,0,41,690,821
Bosnia and Herzegovina,Europe,BIH,4,7,3,1,40,19,24,5,1,104,0,0,0,0,0,0,8,28,62,98,70,0,88,899,"1,155"
Bulgaria,Europe,BGR,8,17,2,0,22,32,25,13,8,127,0,0,0,0,0,0,15,18,73,106,86,0,72,930,"1,194"
Croatia,Europe,HRV,9,14,4,2,68,50,30,11,24,212,1,0,1,3,0,4,33,39,105,177,100,0,123,"1,198","1,599"
Czechia,Europe,CZE,3,9,0,0,2,6,23,31,30,104,0,0,0,0,0,0,3,9,31,43,55,0,40,694,832
Denmark,Europe,DNK,2,9,0,0,20,5,11,2,28,77,0,0,0,0,0,0,6,8,33,47,45,0,35,668,795
Estonia,Europe,EST,1,9,0,0,5,4,3,2,24,48,0,0,0,0,0,0,2,4,16,22,30,0,9,502,563
Faroe Islands,Europe,FRO,4,6,0,0,14,0,0,1,4,29,1,0,1,0,0,1,2,4,18,24,12,0,21,292,350
Finland,Europe,FIN,2,11,0,0,6,3,7,4,28,61,0,0,0,0,0,0,4,3,22,29,39,0,15,525,608
France,Europe,FRA,11,16,5,2,54,94,68,63,53,366,7,0,7,6,0,13,28,60,162,250,160,0,296,"1,920","2,633"
Germany,Europe,DEU,5,11,0,0,26,31,30,51,46,200,4,0,4,5,0,9,16,27,60,103,85,0,85,922,"1,199"
Gibraltar,Europe,GIB,3,6,0,0,20,4,2,1,0,36,0,0,0,0,0,0,4,6,25,35,20,0,39,526,620
Greece,Europe,GRC,10,17,10,5,85,179,130,77,7,520,4,0,4,11,1,16,77,109,250,436,163,0,262,"1,521","2,386"
Greenland,Europe,GRL,9,6,0,0,9,0,0,1,2,27,1,0,1,0,0,1,1,6,17,24,9,0,21,211,266
Guernsey,Europe,GGY,0,0,0,0,12,0,0,0,0,12,0,0,0,0,0,0,1,1,10,12,4,0,13,191,220
Holy See (Vatican City State),Europe,VAT,1,0,0,0,0,0,0,0,0,1,0,0,0,0,0,0,0,0,1,1,4,0,2,23,30
Hungary,Europe,HUN,4,13,1,0,9,8,25,45,18,123,0,0,0,0,0,0,5,14,41,60,55,0,48,682,845
Iceland,Europe,ISL,6,7,0,0,17,0,0,0,6,36,1,0,1,0,0,1,3,8,19,30,19,0,31,349,430
Ireland,Europe,IRL,5,9,1,0,31,4,2,8,19,79,1,0,1,0,0,1,8,10,34,52,34,0,71,753,911
Isle of Man,Europe,IMN,0,0,0,0,5,0,0,1,0,6,0,0,0,0,0,0,1,1,3,5,2,0,7,75,89
Italy,Europe,ITA,8,17,4,9,57,84,139,120,44,482,2,0,2,8,0,10,47,95,176,318,198,0,263,"1,602","2,383"
Jersey,Europe,JEY,0,0,0,0,12,1,0,0,1,14,0,0,0,0,0,0,1,1,11,13,3,0,13,197,226
Latvia,Europe,LVA,1,11,0,0,6,4,8,1,9,40,0,0,0,0,0,0,2,4,24,30,40,0,17,542,629
Liechtenstein,Europe,LIE,0,2,0,0,0,2,4,1,4,13,0,0,0,0,0,0,0,1,7,8,24,0,7,389,428
Lithuania,Europe,LTU,2,10,0,0,6,3,5,2,13,41,0,0,0,0,0,0,2,3,21,26,35,0,16,526,603
Luxembourg,Europe,LUX,0,3,0,0,1,5,2,3,2,16,0,0,0,0,0,0,2,3,6,11,24,0,13,442,490
Malta,Europe,MKD,2,5,1,0,30,4,2,4,1,49,0,0,0,0,0,0,7,7,30,44,27,0,41,561,673
Monaco,Europe,MLT,3,0,0,0,25,2,2,2,0,34,0,0,0,0,0,0,5,5,22,32,11,0,26,387,456
Montenegro,Europe,MCO,6,13,4,1,36,23,20,6,4,113,1,0,1,1,0,2,16,30,57,103,87,0,82,973,"1,246"
Netherlands,Europe,MNE,3,10,0,0,18,5,6,3,26,71,1,0,1,0,0,1,6,4,32,42,50,0,40,738,871
North Macedonia,Europe,NLD,6,13,2,0,13,71,15,6,7,133,2,0,2,2,0,4,19,34,67,120,60,0,49,719,950
Norway,Europe,NOR,8,11,0,0,25,3,7,20,41,115,0,0,0,0,0,0,5,10,39,54,47,0,32,648,781
Poland,Europe,POL,4,11,0,0,8,7,21,16,28,95,1,0,1,0,0,1,2,12,37,51,59,0,35,742,888
Portugal,Europe,PRT,14,15,5,1,71,86,119,144,10,465,6,0,6,17,0,23,96,88,127,311,116,0,282,"1,673","2,388"
Romania,Europe,ROU,10,17,2,0,22,25,42,14,8,140,2,0,2,1,0,3,17,26,75,118,76,0,74,918,"1,188"
San Marino,Europe,SMR,0,0,0,0,1,1,0,0,0,2,0,0,0,0,0,0,1,0,1,2,5,0,4,65,76
Serbia,Europe,SRB,6,13,1,0,15,8,27,9,7,86,0,0,0,1,0,1,9,11,50,70,67,0,29,817,983
Slovakia,Europe,SVK,4,12,0,0,5,7,25,32,31,116,0,0,0,0,0,0,5,11,37,53,62,0,45,712,872
Slovenia,Europe,SVN,6,10,2,2,38,33,51,13,20,175,0,0,0,0,0,0,10,25,107,142,58,0,85,"1,069","1,354"
Spain,Europe,ESP,18,19,20,6,80,166,124,279,40,752,2,0,2,12,0,14,74,133,226,433,276,0,506,"2,150","3,367"
Svalbard and Jan Mayen,Europe,SJM,4,4,0,0,2,0,0,1,0,11,0,0,0,0,0,0,0,1,9,10,6,0,4,75,95
Sweden,Europe,SWE,1,11,0,0,17,4,12,10,43,98,0,0,0,0,0,0,4,7,34,45,52,0,34,667,798
Switzerland,Europe,CHE,3,9,0,1,9,10,37,20,39,128,6,0,6,0,0,6,3,15,51,69,71,0,59,766,971
United Kingdom,Europe,GBR,5,11,1,0,50,7,13,53,36,176,2,0,2,0,0,2,11,19,57,87,59,0,81,967,"1,196"
Belize,Mesoamerica,BLZ,10,6,8,3,51,0,12,53,0,143,1,0,1,0,0,1,10,23,57,90,62,0,103,"2,034","2,290"
Costa Rica,Mesoamerica,CRI,11,27,12,61,70,1,30,150,1,363,3,0,3,9,0,12,34,61,117,212,99,0,255,"3,249","3,818"
El Salvador,Mesoamerica,SLV,6,7,10,9,23,0,10,42,0,107,0,0,0,0,0,0,6,24,35,65,45,0,101,"1,590","1,801"
Guatemala,Mesoamerica,GTM,15,17,32,75,50,2,11,149,1,352,1,0,1,2,0,3,39,72,91,202,80,0,188,"2,742","3,213"
Honduras,Mesoamerica,HND,8,14,43,63,53,0,21,140,0,342,4,0,4,9,0,13,48,72,82,202,82,0,185,"2,945","3,418"
Mexico,Mesoamerica,MEX,97,69,101,220,264,8,106,787,4,"1,656",21,9,30,41,3,74,215,325,325,865,207,1,651,"4,790","6,544"
Nicaragua,Mesoamerica,NIC,7,16,10,10,46,2,18,52,0,161,1,0,1,0,0,1,12,29,68,109,74,0,198,"2,857","3,239"
Panama,Mesoamerica,PAN,16,25,10,54,65,0,22,208,0,400,0,0,0,7,1,8,39,55,98,192,103,0,339,"3,368","4,002"
Anguilla,Caribbean Islands,AIA,1,0,9,0,37,0,10,3,0,60,1,0,1,0,0,1,9,12,36,57,20,0,71,"1,147","1,296"
Antigua and Barbuda,Caribbean Islands,ATG,2,2,7,0,36,0,11,3,0,61,3,0,3,0,0,3,11,11,36,58,28,0,75,"1,267","1,431"
Aruba,Caribbean Islands,ABW,2,2,2,0,31,1,1,5,0,44,0,0,0,0,0,0,5,6,28,39,19,0,58,"1,088","1,204"
Bahamas,Caribbean Islands,BHS,5,8,12,0,47,1,11,12,0,96,2,0,2,1,0,3,15,19,50,84,37,0,139,"1,681","1,943"
Barbados,Caribbean Islands,BRB,3,3,7,0,35,0,11,3,0,62,1,0,1,3,0,4,13,11,35,59,30,0,75,"1,273","1,438"
Bermuda,Caribbean Islands,BMU,4,3,4,0,31,2,28,8,0,80,5,0,5,1,1,7,30,11,31,72,23,0,74,943,"1,117"
"Bonaire, Sint Eustatius and Saba",Caribbean Islands,BES,3,2,6,0,39,0,11,6,0,67,1,0,1,0,0,1,9,10,42,61,20,0,79,"1,201","1,362"
Cayman Islands,Caribbean Islands,CYM,1,2,9,0,35,1,12,23,0,83,1,0,1,0,0,1,11,17,32,60,30,0,76,"1,169","1,336"
Cuba,Caribbean Islands,CUB,10,18,29,49,49,0,23,179,0,357,7,0,7,3,0,10,37,62,79,178,60,0,150,"1,728","2,123"
Curaçao,Caribbean Islands,CUW,3,2,5,0,33,0,11,4,0,58,0,0,0,0,0,0,8,11,35,54,17,0,80,"1,096","1,247"
Dominica,Caribbean Islands,DMA,3,6,3,2,37,0,11,12,0,74,1,0,1,1,0,2,11,14,37,62,30,0,79,"1,301","1,473"
Dominican Republic,Caribbean Islands,DOM,7,17,47,32,33,0,19,48,0,203,9,0,9,6,0,15,31,58,66,155,52,0,86,"1,445","1,747"
Grenada,Caribbean Islands,GRD,3,2,7,1,34,0,10,3,0,60,0,0,0,0,0,0,9,11,37,57,24,0,76,"1,230","1,387"
Guadeloupe,Caribbean Islands,GLP,4,4,9,3,37,1,15,10,0,83,7,0,7,2,0,9,13,18,42,73,33,0,78,"1,216","1,407"
Haiti,Caribbean Islands,HTI,4,17,54,49,37,0,14,94,0,269,10,0,10,13,0,23,57,53,65,175,52,0,82,"1,391","1,710"
Jamaica,Caribbean Islands,JAM,7,10,28,15,34,0,15,214,0,323,3,0,3,5,0,8,25,37,47,109,43,0,87,"1,314","1,556"
Martinique,Caribbean Islands,MTQ,1,6,9,2,33,2,0,9,0,62,6,0,6,3,0,9,10,13,30,53,26,0,66,"1,201","1,352"
Montserrat,Caribbean Islands,MSR,2,3,4,1,34,0,11,7,0,62,0,0,0,1,0,1,9,10,36,55,23,0,63,"1,166","1,307"
Puerto Rico,Caribbean Islands,PRI,2,11,15,14,37,0,0,67,0,146,5,0,5,4,0,9,18,21,40,79,38,0,91,"1,477","1,690"
Saint Barthélemy,Caribbean Islands,BLM,1,0,4,0,26,0,11,2,0,44,0,0,0,0,0,0,6,9,27,42,12,0,39,804,897
Saint Kitts and Nevis,Caribbean Islands,KNA,2,2,6,1,34,0,10,2,0,57,1,0,1,0,0,1,10,8,37,55,27,0,73,"1,223","1,379"
Saint Lucia,Caribbean Islands,LCA,2,6,8,0,34,0,11,8,0,69,3,0,3,0,0,3,10,16,35,61,30,0,67,"1,270","1,431"
Saint Martin (French part),Caribbean Islands,MAF,2,1,8,0,35,0,10,3,0,59,0,0,0,1,0,1,9,10,37,56,15,0,70,"1,032","1,173"
Saint Vincent and the Grenadines,Caribbean Islands,VCT,2,4,8,1,35,0,10,5,0,65,1,0,1,0,0,1,9,13,38,60,27,0,73,"1,288","1,449"
Sint Maarten (Dutch part),Caribbean Islands,SXM,2,1,8,0,35,0,10,2,0,58,0,0,0,1,0,1,9,10,37,56,14,0,62,"1,012","1,144"
Trinidad and Tobago,Caribbean Islands,TTO,3,5,7,8,43,0,10,50,0,126,0,0,0,0,0,0,12,14,50,76,38,1,94,"1,878","2,087"
Turks and Caicos Islands,Caribbean Islands,TCA,2,3,7,0,35,0,10,8,0,65,0,0,0,0,0,0,8,12,37,57,26,0,69,"1,189","1,341"
"Virgin Islands, British",Caribbean Islands,VGB,1,2,14,2,36,0,10,23,0,88,0,0,0,2,0,2,14,13,38,65,26,0,78,"1,248","1,417"
"Virgin Islands, U.S.",Caribbean Islands,VIR,1,3,14,2,34,0,0,20,0,74,1,0,1,5,0,6,11,13,30,54,26,0,77,"1,222","1,380"
Canada,North America,CAN,18,23,6,1,47,17,21,20,20,173,9,0,9,3,0,12,15,35,83,133,66,0,96,"1,874","2,178"
Saint Pierre and Miquelon,North America,SPM,4,9,0,0,6,0,0,0,0,19,0,0,0,0,0,0,1,4,14,19,16,0,18,393,446
United States,North America,USA,41,89,40,56,256,313,273,533,54,"1,655",237,4,241,27,0,268,218,294,556,"1,068",338,5,676,"5,646","7,974"
Argentina,South America,ARG,37,53,27,34,43,0,15,72,4,285,3,3,6,6,0,12,32,64,113,209,127,0,186,"2,138","2,666"
"Bolivia, Plurinational State of",South America,BOL,22,54,13,34,8,2,1,162,0,296,0,0,0,5,0,5,21,27,86,134,102,2,137,"2,265","2,640"
Brazil,South America,BRA,87,171,30,35,93,22,44,595,1,"1,078",11,2,13,11,0,24,83,128,271,482,226,9,707,"4,588","6,025"
Chile,South America,CHL,18,36,27,30,29,1,12,83,4,240,1,0,1,3,0,4,19,58,76,153,78,0,234,"1,261","1,727"
Colombia,South America,COL,59,125,39,285,107,4,52,354,0,"1,025",1,0,1,40,2,43,117,216,338,671,254,2,630,"5,108","6,666"
Ecuador,South America,ECU,47,102,86,169,66,49,21,1954,7,"2,501",8,0,8,42,0,50,103,157,280,540,200,2,398,"3,421","4,569"
Falkland Islands (Malvinas),South America,FLK,4,8,0,0,6,0,0,5,1,24,1,0,1,0,0,1,0,7,11,18,12,0,18,267,316
French Guiana,South America,GUF,8,8,7,5,31,0,0,20,0,79,0,0,0,0,0,0,7,10,42,59,46,1,105,"2,043","2,254"
Guyana,South America,GUY,11,16,6,18,35,0,1,35,0,122,0,0,0,0,0,0,7,23,57,87,58,2,125,"2,227","2,499"
Paraguay,South America,PRY,10,27,8,0,1,0,1,20,0,67,0,3,3,2,0,5,6,11,30,47,58,0,34,"1,079","1,221"
Peru,South America,PER,53,116,33,135,59,4,5,414,0,819,1,0,1,10,0,11,47,152,206,405,202,2,499,"3,777","4,886"
Suriname,South America,SUR,9,9,6,1,33,0,1,29,0,88,0,0,0,0,0,0,5,12,42,59,54,0,106,"2,101","2,320"
Uruguay,South America,URY,9,22,6,5,50,0,2,22,0,116,2,0,2,2,0,4,13,24,57,94,49,0,74,957,"1,176"
"Venezuela, Bolivarian Republic of",South America,VEN,36,51,31,73,60,1,25,102,0,379,1,0,1,8,0,9,39,90,148,277,141,1,371,"3,633","4,424"
American Samoa,Oceania,ASM,1,8,6,0,17,5,60,2,0,99,1,0,1,0,0,1,3,19,75,97,82,3,61,"1,242","1,486"
Australia,Oceania,AUS,63,52,76,47,195,174,374,314,13,"1,308",41,0,41,8,0,49,137,245,599,981,438,3,667,"5,818","7,948"
Christmas Island,Oceania,CXR,2,4,3,0,17,0,19,1,0,46,4,2,6,1,0,7,3,14,28,45,30,0,34,933,"1,048"
Cocos (Keeling) Islands,Oceania,CCK,2,1,1,0,16,0,20,0,0,40,0,0,0,0,0,0,1,11,28,40,27,0,35,836,938
Cook Islands,Oceania,COK,1,16,3,0,14,0,32,11,0,77,15,0,15,0,0,15,1,14,51,66,51,1,54,"1,007","1,194"
Fiji,Oceania,FJI,7,14,15,1,25,71,101,87,0,321,1,0,1,5,0,6,27,51,156,234,160,3,138,"1,798","2,334"
French Polynesia,Oceania,PYF,0,35,3,0,30,31,34,48,0,181,59,11,70,2,0,72,43,26,64,133,62,2,112,"1,285","1,664"
Guam,Oceania,GUM,3,15,5,0,19,6,54,5,0,107,5,1,6,0,0,6,8,24,70,102,90,2,109,"1,211","1,520"
Kiribati,Oceania,KIR,2,6,2,0,17,1,80,0,0,108,1,0,1,0,0,1,0,15,93,108,118,3,68,"1,271","1,569"
Marshall Islands,Oceania,MHL,1,4,4,0,22,1,72,0,0,104,0,0,0,0,0,0,1,13,90,104,119,3,68,"1,319","1,613"
"Micronesia, Federated States of",Oceania,FSM,5,12,7,0,25,3,113,5,0,170,2,0,2,1,0,3,5,25,135,165,146,3,130,"1,633","2,079"
Nauru,Oceania,NRU,2,2,0,0,14,0,68,0,0,86,0,0,0,0,0,0,1,9,76,86,111,0,44,"1,026","1,267"
New Caledonia,Oceania,NCL,9,17,54,0,40,28,101,506,4,759,5,0,5,3,0,8,40,54,155,249,160,3,193,"2,176","2,786"
New Zealand,Oceania,NZL,9,70,42,3,42,35,26,21,13,261,23,0,23,7,0,30,42,76,109,227,62,0,222,"1,062","1,596"
Niue,Oceania,NIU,1,8,4,0,12,0,30,1,0,56,0,0,0,0,0,0,1,12,42,55,53,0,38,882,"1,028"
Norfolk Island,Oceania,NFK,1,11,2,0,11,12,11,2,0,50,8,0,8,0,0,8,2,11,35,48,29,0,29,635,749
Northern Mariana Islands,Oceania,MNP,3,17,4,0,18,4,53,6,0,105,2,0,2,0,0,2,8,21,70,99,89,3,75,"1,284","1,552"
Palau,Oceania,PLW,4,6,3,0,23,40,108,5,0,189,1,0,1,13,0,14,28,34,122,184,145,4,111,"1,869","2,314"
Papua New Guinea,Oceania,PNG,42,39,12,11,69,5,178,226,3,585,1,0,1,2,0,3,25,57,274,356,262,3,566,"3,775","4,963"
Pitcairn,Oceania,PCN,0,10,0,0,11,5,11,7,0,44,0,0,0,0,0,0,1,8,28,37,24,1,30,521,613
Samoa,Oceania,WSM,2,6,5,0,20,1,63,3,0,100,0,0,0,0,0,0,4,19,74,97,85,3,82,"1,338","1,605"
Solomon Islands,Oceania,SLB,20,24,6,2,30,2,148,24,0,256,2,0,2,4,0,6,15,32,185,232,198,3,155,"2,195","2,785"
Tokelau,Oceania,TKL,0,1,3,0,15,0,35,0,0,54,0,0,0,0,0,0,1,9,44,54,57,2,39,893,"1,045"
Tonga,Oceania,TON,2,5,5,0,20,8,43,7,0,90,2,0,2,2,0,4,4,19,60,83,68,3,64,"1,411","1,631"
Tuvalu,Oceania,TUV,2,1,3,0,15,1,77,0,0,99,0,0,0,0,0,0,1,13,85,99,113,3,50,"1,089","1,354"
United States Minor Outlying Islands,Oceania,UMI,0,11,2,0,13,0,47,0,0,73,1,0,1,0,0,1,4,8,61,73,74,1,55,"1,253","1,457"
Vanuatu,Oceania,VUT,8,8,4,0,22,3,88,11,0,144,1,0,1,0,0,1,2,22,109,133,137,3,102,"1,796","2,172"
Wallis and Futuna,Oceania,WLF,0,9,2,0,16,0,64,1,0,92,0,0,0,0,0,0,2,12,77,91,94,0,54,"1,194","1,433"
